{
  "prepare_queue": {
    "installed": [],
    "uninstalled": []
  },
  "config_munge": {
    "files": {
      "config.xml": {
        "parents": {
          "/*": [
            {
              "xml": "<feature name=\"Device\"><param name=\"ios-package\" value=\"CDVDevice\" /></feature>",
              "count": 1
            },
            {
              "xml": "<allow-navigation href=\"http://localhost:8080/*\" />",
              "count": 1
            },
            {
              "xml": "<feature name=\"CDVWKWebViewEngine\"><param name=\"ios-package\" value=\"CDVWKWebViewEngine\" /></feature>",
              "count": 1
            },
            {
              "xml": "<preference name=\"CordovaWebViewEngine\" value=\"CDVWKWebViewEngine\" />",
              "count": 1
            },
            {
              "xml": "<feature name=\"SplashScreen\"><param name=\"ios-package\" value=\"CDVSplashScreen\" /><param name=\"onload\" value=\"true\" /></feature>",
              "count": 1
            },
            {
              "xml": "<feature name=\"Keyboard\"><param name=\"ios-package\" onload=\"true\" value=\"IonicKeyboard\" /></feature>",
              "count": 1
            },
            {
              "xml": "<feature name=\"Sms\"><param name=\"ios-package\" value=\"Sms\" /></feature>",
              "count": 1
            },
            {
              "xml": "<feature name=\"FacebookConnectPlugin\"><param name=\"ios-package\" value=\"FacebookConnectPlugin\" /><param name=\"onload\" value=\"true\" /></feature>",
              "count": 1
            },
            {
              "xml": "<plugin name=\"FacebookConnectPlugin\" value=\"FacebookConnectPlugin\" />",
              "count": 1
            },
            {
              "xml": "<access origin=\"https://m.facebook.com\" />",
              "count": 1
            },
            {
              "xml": "<access origin=\"https://graph.facebook.com\" />",
              "count": 1
            },
            {
              "xml": "<access origin=\"https://api.facebook.com\" />",
              "count": 1
            },
            {
              "xml": "<access origin=\"https://*.fbcdn.net\" />",
              "count": 1
            },
            {
              "xml": "<access origin=\"https://*.akamaihd.net\" />",
              "count": 1
            },
            {
              "xml": "<feature name=\"Geolocation\"><param name=\"ios-package\" value=\"CDVLocation\" /></feature>",
              "count": 1
            }
          ]
        }
      },
      "*-Info.plist": {
        "parents": {
          "FacebookAppID": [
            {
              "xml": "<string>150524595587726</string>",
              "count": 1
            }
          ],
          "FacebookDisplayName": [
            {
              "xml": "<string>“Beacon”</string>",
              "count": 1
            }
          ],
          "CFBundleURLTypes": [
            {
              "xml": "<array><dict><key>CFBundleURLSchemes</key><array><string>fb150524595587726</string></array></dict></array>",
              "count": 1
            }
          ],
          "NSAppTransportSecurity": [
            {
              "xml": "<dict><key>NSExceptionDomains</key><dict><key>facebook.com</key><dict><key>NSIncludesSubdomains</key><true /><key>NSThirdPartyExceptionRequiresForwardSecrecy</key><false /></dict><key>fbcdn.net</key><dict><key>NSIncludesSubdomains</key><true /><key>NSThirdPartyExceptionRequiresForwardSecrecy</key><false /></dict><key>akamaihd.net</key><dict><key>NSIncludesSubdomains</key><true /><key>NSThirdPartyExceptionRequiresForwardSecrecy</key><false /></dict></dict></dict>",
              "count": 1
            }
          ],
          "LSApplicationQueriesSchemes": [
            {
              "xml": "<array><string>fbapi</string><string>fb-messenger-api</string><string>fbauth2</string><string>fbshareextension</string></array>",
              "count": 1
            }
          ]
        }
      }
    }
  },
  "installed_plugins": {
    "cordova-plugin-device": {
      "PACKAGE_NAME": "io.ionic.starter"
    },
    "cordova-plugin-ionic-webview": {
      "PACKAGE_NAME": "io.ionic.starter"
    },
    "cordova-plugin-splashscreen": {
      "PACKAGE_NAME": "io.ionic.starter"
    },
    "cordova-plugin-whitelist": {
      "PACKAGE_NAME": "io.ionic.starter"
    },
    "ionic-plugin-keyboard": {
      "PACKAGE_NAME": "io.ionic.starter"
    },
    "cordova-sms-plugin": {
      "PACKAGE_NAME": "io.ionic.starter"
    },
    "cordova-plugin-facebook4": {
      "APP_ID": "150524595587726",
      "APP_NAME": "“Beacon”",
      "PACKAGE_NAME": "io.ionic.starter"
    },
    "cordova-plugin-geolocation": {
      "PACKAGE_NAME": "io.ionic.starter"
    }
  },
  "dependent_plugins": {},
  "modules": [
    {
      "id": "cordova-plugin-device.device",
      "file": "plugins/cordova-plugin-device/www/device.js",
      "pluginId": "cordova-plugin-device",
      "clobbers": [
        "device"
      ]
    },
    {
      "id": "cordova-plugin-ionic-webview.ios-wkwebview-exec",
      "file": "plugins/cordova-plugin-ionic-webview/src/www/ios/ios-wkwebview-exec.js",
      "pluginId": "cordova-plugin-ionic-webview",
      "clobbers": [
        "cordova.exec"
      ]
    },
    {
      "id": "cordova-plugin-splashscreen.SplashScreen",
      "file": "plugins/cordova-plugin-splashscreen/www/splashscreen.js",
      "pluginId": "cordova-plugin-splashscreen",
      "clobbers": [
        "navigator.splashscreen"
      ]
    },
    {
      "id": "ionic-plugin-keyboard.keyboard",
      "file": "plugins/ionic-plugin-keyboard/www/ios/keyboard.js",
      "pluginId": "ionic-plugin-keyboard",
      "clobbers": [
        "cordova.plugins.Keyboard"
      ],
      "runs": true
    },
    {
      "id": "cordova-sms-plugin.Sms",
      "file": "plugins/cordova-sms-plugin/www/sms.js",
      "pluginId": "cordova-sms-plugin",
      "clobbers": [
        "window.sms"
      ]
    },
    {
      "id": "cordova-plugin-facebook4.FacebookConnectPlugin",
      "file": "plugins/cordova-plugin-facebook4/www/facebook-native.js",
      "pluginId": "cordova-plugin-facebook4",
      "clobbers": [
        "facebookConnectPlugin"
      ]
    },
    {
      "id": "cordova-plugin-geolocation.Coordinates",
      "file": "plugins/cordova-plugin-geolocation/www/Coordinates.js",
      "pluginId": "cordova-plugin-geolocation",
      "clobbers": [
        "Coordinates"
      ]
    },
    {
      "id": "cordova-plugin-geolocation.PositionError",
      "file": "plugins/cordova-plugin-geolocation/www/PositionError.js",
      "pluginId": "cordova-plugin-geolocation",
      "clobbers": [
        "PositionError"
      ]
    },
    {
      "id": "cordova-plugin-geolocation.Position",
      "file": "plugins/cordova-plugin-geolocation/www/Position.js",
      "pluginId": "cordova-plugin-geolocation",
      "clobbers": [
        "Position"
      ]
    },
    {
      "id": "cordova-plugin-geolocation.geolocation",
      "file": "plugins/cordova-plugin-geolocation/www/geolocation.js",
      "pluginId": "cordova-plugin-geolocation",
      "clobbers": [
        "navigator.geolocation"
      ]
    }
  ],
  "plugin_metadata": {
    "cordova-plugin-device": "1.1.7",
    "cordova-plugin-ionic-webview": "1.1.16",
    "cordova-plugin-splashscreen": "4.1.0",
    "cordova-plugin-whitelist": "1.3.3",
    "ionic-plugin-keyboard": "2.2.1",
    "cordova-sms-plugin": "0.1.11",
    "cordova-plugin-facebook4": "1.9.1",
    "cordova-plugin-geolocation": "4.0.1"
  }
}