{
  "prepare_queue": {
    "installed": [],
    "uninstalled": []
  },
  "config_munge": {
    "files": {
      "res/xml/config.xml": {
        "parents": {
          "/*": [
            {
              "xml": "<feature name=\"Device\"><param name=\"android-package\" value=\"org.apache.cordova.device.Device\" /></feature>",
              "count": 1
            },
            {
              "xml": "<feature name=\"FacebookConnectPlugin\"><param name=\"android-package\" value=\"org.apache.cordova.facebook.ConnectPlugin\" /><param name=\"onload\" value=\"true\" /></feature>",
              "count": 1
            },
            {
              "xml": "<access origin=\"https://m.facebook.com\" />",
              "count": 1
            },
            {
              "xml": "<access origin=\"https://graph.facebook.com\" />",
              "count": 1
            },
            {
              "xml": "<access origin=\"https://api.facebook.com\" />",
              "count": 1
            },
            {
              "xml": "<access origin=\"https://*.fbcdn.net\" />",
              "count": 1
            },
            {
              "xml": "<access origin=\"https://*.akamaihd.net\" />",
              "count": 1
            },
            {
              "xml": "<preference name=\"android-minSdkVersion\" value=\"15\" />",
              "count": 1
            },
            {
              "xml": "<feature name=\"Geolocation\"><param name=\"android-package\" value=\"org.apache.cordova.geolocation.Geolocation\" /></feature>",
              "count": 1
            },
            {
              "xml": "<feature name=\"SplashScreen\"><param name=\"android-package\" value=\"org.apache.cordova.splashscreen.SplashScreen\" /><param name=\"onload\" value=\"true\" /></feature>",
              "count": 1
            },
            {
              "xml": "<feature name=\"Whitelist\"><param name=\"android-package\" value=\"org.apache.cordova.whitelist.WhitelistPlugin\" /><param name=\"onload\" value=\"true\" /></feature>",
              "count": 1
            },
            {
              "xml": "<feature name=\"Sms\"><param name=\"android-package\" value=\"com.cordova.plugins.sms.Sms\" /></feature>",
              "count": 1
            },
            {
              "xml": "<feature name=\"Keyboard\"><param name=\"android-package\" value=\"io.ionic.keyboard.IonicKeyboard\" /><param name=\"onload\" value=\"true\" /></feature>",
              "count": 1
            }
          ]
        }
      },
      "res/values/facebookconnect.xml": {
        "parents": {
          "/*": [
            {
              "xml": "<string name=\"fb_app_id\">150524595587726</string>",
              "count": 1
            },
            {
              "xml": "<string name=\"fb_app_name\">“Beacon”</string>",
              "count": 1
            }
          ]
        }
      },
      "AndroidManifest.xml": {
        "parents": {
          "application": [
            {
              "xml": "<meta-data android:name=\"com.facebook.sdk.ApplicationId\" android:value=\"@string/fb_app_id\" />",
              "count": 1
            },
            {
              "xml": "<meta-data android:name=\"com.facebook.sdk.ApplicationName\" android:value=\"@string/fb_app_name\" />",
              "count": 1
            },
            {
              "xml": "<activity android:configChanges=\"keyboard|keyboardHidden|screenLayout|screenSize|orientation\" android:label=\"@string/fb_app_name\" android:name=\"com.facebook.FacebookActivity\" />",
              "count": 1
            }
          ],
          "/*": [
            {
              "xml": "<uses-permission android:name=\"android.permission.ACCESS_COARSE_LOCATION\" />",
              "count": 1
            },
            {
              "xml": "<uses-permission android:name=\"android.permission.ACCESS_FINE_LOCATION\" />",
              "count": 1
            },
            {
              "xml": "<uses-feature android:name=\"android.hardware.location.gps\" />",
              "count": 1
            }
          ],
          "/manifest": [
            {
              "xml": "<uses-permission android:name=\"android.permission.SEND_SMS\" />",
              "count": 1
            },
            {
              "xml": "<uses-permission android:name=\"android.permission.READ_PHONE_STATE\" />",
              "count": 1
            },
            {
              "xml": "<uses-feature android:name=\"android.hardware.telephony\" android:required=\"false\" />",
              "count": 1
            }
          ]
        }
      }
    }
  },
  "installed_plugins": {
    "cordova-plugin-device": {
      "PACKAGE_NAME": "io.ionic.starter"
    },
    "cordova-plugin-facebook4": {
      "APP_ID": "150524595587726",
      "APP_NAME": "“Beacon”",
      "PACKAGE_NAME": "io.ionic.starter"
    },
    "cordova-plugin-geolocation": {
      "PACKAGE_NAME": "io.ionic.starter"
    },
    "cordova-plugin-ionic-webview": {
      "PACKAGE_NAME": "io.ionic.starter"
    },
    "cordova-plugin-splashscreen": {
      "PACKAGE_NAME": "io.ionic.starter"
    },
    "cordova-plugin-whitelist": {
      "PACKAGE_NAME": "io.ionic.starter"
    },
    "cordova-sms-plugin": {
      "PACKAGE_NAME": "io.ionic.starter"
    },
    "ionic-plugin-keyboard": {
      "PACKAGE_NAME": "io.ionic.starter"
    }
  },
  "dependent_plugins": {},
  "modules": [
    {
      "id": "cordova-plugin-device.device",
      "file": "plugins/cordova-plugin-device/www/device.js",
      "pluginId": "cordova-plugin-device",
      "clobbers": [
        "device"
      ]
    },
    {
      "id": "cordova-plugin-facebook4.FacebookConnectPlugin",
      "file": "plugins/cordova-plugin-facebook4/www/facebook-native.js",
      "pluginId": "cordova-plugin-facebook4",
      "clobbers": [
        "facebookConnectPlugin"
      ]
    },
    {
      "id": "cordova-plugin-geolocation.geolocation",
      "file": "plugins/cordova-plugin-geolocation/www/android/geolocation.js",
      "pluginId": "cordova-plugin-geolocation",
      "clobbers": [
        "navigator.geolocation"
      ]
    },
    {
      "id": "cordova-plugin-geolocation.PositionError",
      "file": "plugins/cordova-plugin-geolocation/www/PositionError.js",
      "pluginId": "cordova-plugin-geolocation",
      "runs": true
    },
    {
      "id": "cordova-plugin-splashscreen.SplashScreen",
      "file": "plugins/cordova-plugin-splashscreen/www/splashscreen.js",
      "pluginId": "cordova-plugin-splashscreen",
      "clobbers": [
        "navigator.splashscreen"
      ]
    },
    {
      "id": "cordova-sms-plugin.Sms",
      "file": "plugins/cordova-sms-plugin/www/sms.js",
      "pluginId": "cordova-sms-plugin",
      "clobbers": [
        "window.sms"
      ]
    },
    {
      "id": "ionic-plugin-keyboard.keyboard",
      "file": "plugins/ionic-plugin-keyboard/www/android/keyboard.js",
      "pluginId": "ionic-plugin-keyboard",
      "clobbers": [
        "cordova.plugins.Keyboard"
      ],
      "runs": true
    }
  ],
  "plugin_metadata": {
    "cordova-plugin-device": "1.1.7",
    "cordova-plugin-facebook4": "1.9.1",
    "cordova-plugin-geolocation": "4.0.1",
    "cordova-plugin-ionic-webview": "1.1.16",
    "cordova-plugin-splashscreen": "4.1.0",
    "cordova-plugin-whitelist": "1.3.3",
    "cordova-sms-plugin": "0.1.11",
    "ionic-plugin-keyboard": "2.2.1"
  }
}